loss,val_loss
125.26634216308594,362.6606750488281
67.4286880493164,382.36639404296875
59.22317123413086,393.7873840332031
56.460357666015625,401.7205505371094
