loss,val_loss
139.78695678710938,345.680419921875
82.94068145751953,366.9529724121094
72.95308685302734,380.8898010253906
69.5954360961914,390.42694091796875
