loss,val_loss
112.80917358398438,376.5834655761719
57.2357063293457,391.17578125
50.0487174987793,398.4595947265625
47.42335891723633,402.8464660644531
