loss,val_loss
151.39132690429688,326.88629150390625
102.5592269897461,342.3432922363281
93.96393585205078,351.84393310546875
90.57139587402344,358.8992614746094
