loss,val_loss
103.7830581665039,383.5080871582031
51.53641891479492,391.4977722167969
44.56882095336914,393.97772216796875
41.81644058227539,395.1680603027344
