loss,val_loss
130.44332885742188,438.9897155761719
58.50023651123047,454.54046630859375
47.0732536315918,462.9671630859375
42.20900344848633,468.2497863769531
