loss,val_loss
170.54598999023438,383.0548095703125
116.1960678100586,392.81475830078125
96.65264892578125,404.9239196777344
87.2453384399414,413.673828125
