loss,val_loss
48.140777587890625,139.83973693847656
15.384254455566406,139.28582763671875
13.439475059509277,139.40887451171875
10.660652160644531,139.90744018554688
9.052586555480957,139.84793090820312
