loss,val_loss
115.96820831298828,451.5326843261719
50.028141021728516,460.8121643066406
39.86893081665039,463.4734802246094
35.34587097167969,463.4640197753906
