loss,val_loss
143.8616943359375,421.99578857421875
69.7027816772461,440.5771179199219
56.0955810546875,452.6143493652344
51.06087112426758,460.3335876464844
