loss,val_loss
161.5692596435547,399.9361572265625
93.2863998413086,416.5418395996094
72.78913116455078,429.6470031738281
65.197265625,439.9625549316406
