dim,rmse,rmse_se,r2,r2_se,mae,mae_se
4,151.13361447253783,2.820990948779147,0.14681877192554948,0.011666818540926629,117.35786453359454,1.8749441411839958
8,150.52245883679424,2.8989601786225885,0.14587199433627462,0.011746925860271963,117.46292939791641,2.0680519479363677
16,152.15920138110798,2.466238072066982,0.14227444732479555,0.012088649181506924,118.44606252823111,1.7671334990275103
32,154.07167240360008,2.4595585734373198,0.12055193744339954,0.009981260373932054,118.17462412974825,1.7481128437815472
64,158.22773089561937,2.4033502217833673,0.07494182965727111,0.007646222856100751,121.37177180174535,1.6400519018544213
